Município,Intervalo de Altitude,Altitude da Sede (m),IDHM,População total
Senador Amaral,1100-1500m,1497,0.6609999999999999,5219
Gonçalves,1100-1500m,1380,0.6829999999999999,4220
Marmelópolis,1100-1500m,1372,0.65,2968
Bom Repouso,1100-1500m,1366,0.653,10457
Maria da Fé,1100-1500m,1312,0.7020000000000001,14216
Delfim Moreira,1100-1500m,1287,0.669,7971
Munhoz,1100-1500m,1233,0.647,6257
São Thomé das Letras,1100-1500m,1226,0.667,6655
Datas,1100-1500m,1221,0.616,5211
Poços de Caldas,1100-1500m,1214,0.779,152435
Ipuiúna,1100-1500m,1202,0.6859999999999999,9521
Ouro Preto,1100-1500m,1199,0.741,70281
Bocaina de Minas,1100-1500m,1185,0.645,5007
Serra do Salitre,1100-1500m,1175,0.696,10549
Presidente Kubitschek,1100-1500m,1172,0.595,2959
Wenceslau Braz,1100-1500m,1159,0.6779999999999999,2553
Ressaquinha,1100-1500m,1158,0.6829999999999999,4711
Pratinha,1100-1500m,1154,0.721,3265
Bueno Brandão,1100-1500m,1150,0.6579999999999999,10892
Diamantina,1100-1500m,1147,0.716,45880
Nova Resende,1100-1500m,1146,0.6709999999999999,15374
Liberdade,1100-1500m,1143,0.672,5346
Barbacena,1100-1500m,1140,0.769,126284
Alagoa,1100-1500m,1138,0.649,2709
Tapira,1100-1500m,1129,0.7120000000000001,4112
Santa Rita de Ibitipoca,1100-1500m,1125,0.63,3583
Itacambira,1100-1500m,1118,0.628,4988
Bom Jardim de Minas,1100-1500m,1118,0.6729999999999999,6501
Caldas,1100-1500m,1117,0.687,13633
Arantina,1100-1500m,1107,0.6970000000000001,2823
Santa Rita de Caldas,850-1100m,1099,0.69,9027
Carvalhos,850-1100m,1097,0.6459999999999999,4556
Carandaí,850-1100m,1094,0.6970000000000001,23346
Conceição das Pedras,850-1100m,1091,0.6679999999999999,2749
São Tiago,850-1100m,1090,0.662,10561
Toledo,850-1100m,1086,0.6609999999999999,5764
Lagoa Dourada,850-1100m,1081,0.6759999999999999,12256
Carmo do Paranaíba,850-1100m,1079,0.705,29735
Campestre,850-1100m,1074,0.698,20686
Gouveia,850-1100m,1073,0.6809999999999999,11681
Matutina,850-1100m,1069,0.7070000000000001,3761
Carrancas,850-1100m,1068,0.725,3948
Cristina,850-1100m,1064,0.6679999999999999,10210
Antônio Carlos,850-1100m,1062,0.6829999999999999,11114
São Gotardo,850-1100m,1060,0.736,31819
Tocos do Moji,850-1100m,1060,0.696,3950
Cruzília,850-1100m,1055,0.695,14591
Alfredo Vasconcelos,850-1100m,1055,0.675,6075
Consolação,850-1100m,1054,0.6729999999999999,1727
Ibiraci,850-1100m,1052,0.706,12176
Campos Altos,850-1100m,1051,0.7020000000000001,14206
Cristiano Otoni,850-1100m,1045,0.695,5007
Desterro de Entre Rios,850-1100m,1044,0.639,7002
Santana do Garambéu,850-1100m,1043,0.667,2234
Camanducaia,850-1100m,1039,0.6890000000000001,21080
Muzambinho,850-1100m,1038,0.74,20430
Congonhas do Norte,850-1100m,1038,0.568,4943
Ritápolis,850-1100m,1038,0.653,4925
Resende Costa,850-1100m,1036,0.685,10913
Ibertioga,850-1100m,1027,0.657,5036
Ouro Branco,850-1100m,1025,0.764,35268
Jacuí,850-1100m,1024,0.6679999999999999,7502
Albertina,850-1100m,1023,0.6729999999999999,2913
Rio Paranaíba,850-1100m,1019,0.7090000000000001,11885
São Vicente de Minas,850-1100m,1009,0.715,7008
Santa Rosa da Serra,850-1100m,1008,0.705,3224
Tiros,850-1100m,1006,0.6829999999999999,6906
Prados,850-1100m,1004,0.6890000000000001,8391
São Pedro da União,850-1100m,1002,0.674,5040
Aiuruoca,850-1100m,1002,0.6679999999999999,6162
Perdizes,850-1100m,997,0.723,14404
Seritinga,850-1100m,995,0.66,1789
São Bento Abade,850-1100m,994,0.672,4577
Passa Tempo,850-1100m,991,0.687,8197
Divisa Alegre,850-1100m,990,0.608,5884
Alto Caparaó,850-1100m,987,0.6609999999999999,5297
Minduri,850-1100m,986,0.6579999999999999,3840
Conselheiro Lafaiete,850-1100m,986,0.7609999999999999,116512
Pedra Bonita,850-1100m,985,0.573,6673
Itamogi,850-1100m,985,0.674,10349
Casa Grande,850-1100m,983,0.652,2244
Iraí de Minas,850-1100m,982,0.695,6467
Bom Jesus da Penha,850-1100m,982,0.735,3887
Piedade do Rio Grande,850-1100m,982,0.6779999999999999,4709
Araxá,850-1100m,982,0.772,93672
Botelhos,850-1100m,982,0.7020000000000001,14920
Serranos,850-1100m,981,0.643,1995
Capelinha,850-1100m,980,0.653,34803
Santo Antônio do Amparo,850-1100m,975,0.672,17345
Andrelândia,850-1100m,970,0.7,12173
Madre de Deus de Minas,850-1100m,970,0.6990000000000001,4904
Araponga,850-1100m,967,0.536,8152
Conceição da Aparecida,850-1100m,966,0.691,9820
Romaria,850-1100m,963,0.708,3596
Oliveira,850-1100m,963,0.6990000000000001,39466
Itutinga,850-1100m,961,0.727,3913
Camacho,850-1100m,960,0.69,3154
Piedade dos Gerais,850-1100m,959,0.626,4640
São Brás do Suaçuí,850-1100m,957,0.664,3513
Contagem,850-1100m,957,0.7559999999999999,603442
Dores de Campos,850-1100m,955,0.6859999999999999,9299
Bandeira do Sul,850-1100m,953,0.6920000000000001,5338
Virgínia,850-1100m,953,0.6509999999999999,8623
Ingaí,850-1100m,953,0.6970000000000001,2629
Luminárias,850-1100m,952,0.6779999999999999,5422
Patrocínio,850-1100m,952,0.7290000000000001,82471
Botumirim,850-1100m,951,0.602,6497
Passa Quatro,850-1100m,946,0.715,15582
Araguari,850-1100m,946,0.773,109801
São Sebastião do Paraíso,850-1100m,945,0.722,64980
Candeias,850-1100m,945,0.6779999999999999,14595
Cambuquira,850-1100m,944,0.6990000000000001,12602
Itapeva,850-1100m,943,0.72,8664
Santa Juliana,850-1100m,942,0.706,11337
Santo Antônio do Monte,850-1100m,941,0.7240000000000001,25975
Itamarandiba,850-1100m,940,0.6459999999999999,32175
Arapuá,850-1100m,939,0.7240000000000001,2775
Coronel Xavier Chaves,850-1100m,939,0.677,3301
Montezuma,850-1100m,937,0.5870000000000001,7464
Novorizonte,850-1100m,937,0.616,4963
Barroso,850-1100m,936,0.7340000000000001,19599
Presidente Olegário,850-1100m,934,0.701,18577
São Tomás de Aquino,850-1100m,933,0.7,7093
Conceição da Barra de Minas,850-1100m,933,0.685,3954
Varjão de Minas,850-1100m,932,0.711,6054
Caxambu,850-1100m,931,0.743,21705
Cabeceira Grande,850-1100m,931,0.648,6453
Cabo Verde,850-1100m,930,0.674,13823
Carmo de Minas,850-1100m,930,0.682,13750
Nazareno,850-1100m,930,0.69,7954
Coromandel,850-1100m,929,0.708,27547
Queluzito,850-1100m,929,0.682,1861
São Francisco de Paula,850-1100m,929,0.66,6483
Pedrinópolis,850-1100m,929,0.7290000000000001,3490
Dom Viçoso,850-1100m,925,0.687,2994
Bonfim,850-1100m,924,0.637,6818
Tiradentes,850-1100m,923,0.74,6961
Lavras,850-1100m,922,0.782,92200
Carmo da Cachoeira,850-1100m,922,0.655,11836
São João del Rei,850-1100m,921,0.758,84469
Bom Sucesso,850-1100m,920,0.6920000000000001,17243
Guimarânia,850-1100m,918,0.693,7265
Lambari,850-1100m,918,0.711,19554
Itamonte,850-1100m,918,0.705,14003
Brasópolis,850-1100m,917,0.6920000000000001,14661
Pouso Alto,850-1100m,916,0.71,6213
Ibitiúra de Minas,850-1100m,916,0.674,3382
São Sebastião do Rio Verde,850-1100m,916,0.6759999999999999,2110
Ouro Fino,850-1100m,915,0.722,31568
Curral de Dentro,850-1100m,915,0.585,6913
Extrema,850-1100m,915,0.732,28599
Caeté,850-1100m,914,0.728,40750
Campanha,850-1100m,914,0.7090000000000001,15433
Medeiros,850-1100m,912,0.711,3444
São João da Mata,850-1100m,912,0.653,2731
Crucilândia,850-1100m,911,0.6509999999999999,4757
Varginha,850-1100m,910,0.778,123081
Ninheira,850-1100m,909,0.556,9815
Jesuânia,850-1100m,907,0.6579999999999999,4768
Espírito Santo do Dourado,850-1100m,905,0.685,4429
Cedro do Abaeté,850-1100m,905,0.6779999999999999,1210
Natércia,850-1100m,905,0.693,4658
Ibiá,850-1100m,903,0.718,23218
São Lourenço,850-1100m,903,0.759,41657
Itanhandu,850-1100m,902,0.7390000000000001,14175
Divisópolis,850-1100m,901,0.609,8974
Sapucaí-Mirim,850-1100m,900,0.68,6241
Olaria,850-1100m,899,0.636,1976
Soledade de Minas,850-1100m,899,0.6970000000000001,5676
Itatiaiuçu,850-1100m,898,0.677,9928
Riacho dos Machados,850-1100m,896,0.627,9360
Entre Rios de Minas,850-1100m,896,0.672,14242
Paraisópolis,850-1100m,895,0.7290000000000001,19379
Córrego do Bom Jesus,850-1100m,892,0.6920000000000001,3730
Santa Cruz de Minas,850-1100m,892,0.706,7865
Ibirité,850-1100m,891,0.7040000000000001,158954
Angelândia,850-1100m,890,0.597,8003
Congonhas,850-1100m,890,0.753,48519
Juruaia,850-1100m,890,0.723,9238
Baependi,850-1100m,888,0.6809999999999999,18307
Três Pontas,850-1100m,888,0.731,53860
Cristais,850-1100m,886,0.6920000000000001,11286
Estiva,850-1100m,886,0.691,10845
Monte Sião,850-1100m,886,0.7240000000000001,21203
Pedra do Indaiá,850-1100m,885,0.708,3875
Nova União,850-1100m,885,0.662,5555
Borda da Mata,850-1100m,884,0.73,17118
Andradas,850-1100m,884,0.7340000000000001,37270
Guaxupé,850-1100m,884,0.7509999999999999,49430
Piranguçu,850-1100m,884,0.685,5217
Caparaó,850-1100m,884,0.624,5209
Jeceaba,850-1100m,884,0.6609999999999999,5395
Monte Carmelo,850-1100m,884,0.728,45772
Elói Mendes,850-1100m,882,0.685,25220
Ibituruna,850-1100m,881,0.675,2866
Olímpio Noronha,850-1100m,881,0.674,2533
Inconfidentes,850-1100m,880,0.6920000000000001,6908
Silvianópolis,850-1100m,880,0.6990000000000001,6027
Indaiabira,850-1100m,879,0.61,7330
Itumirim,850-1100m,879,0.726,6139
Fortaleza de Minas,850-1100m,879,0.67,4098
Itabirito,850-1100m,878,0.73,45449
Piranguinho,850-1100m,878,0.7170000000000001,8016
Itapecerica,850-1100m,878,0.713,21377
Conceição dos Ouros,850-1100m,878,0.703,10388
Divisa Nova,850-1100m,877,0.67,5763
Chácara,850-1100m,876,0.664,2792
Serrania,850-1100m,875,0.677,7542
Cambuí,850-1100m,875,0.7509999999999999,26488
Pedralva,850-1100m,874,0.675,11467
Moeda,850-1100m,873,0.638,4689
Três Corações,850-1100m,873,0.7440000000000001,72765
São Gonçalo do Sapucaí,850-1100m,872,0.715,23906
Monsenhor Paulo,850-1100m,872,0.721,8161
Santos Dumont,850-1100m,872,0.741,46284
Grão Mogol,850-1100m,872,0.604,15024
Monte Belo,850-1100m,871,0.688,13061
Heliodora,850-1100m,869,0.657,6121
Sacramento,850-1100m,869,0.732,23896
Conceição do Rio Verde,850-1100m,867,0.665,12949
Luisburgo,850-1100m,867,0.608,6234
Chapada Gaúcha,850-1100m,867,0.635,10805
Ilicínea,850-1100m,865,0.68,11488
Alfenas,850-1100m,865,0.7609999999999999,73774
Campos Gerais,850-1100m,864,0.682,27600
Senador José Bento,850-1100m,864,0.684,1868
Cachoeira de Minas,850-1100m,864,0.706,11034
Itaguara,850-1100m,863,0.691,12372
Nepomuceno,850-1100m,863,0.667,25733
Tupaciguara,850-1100m,863,0.7190000000000001,24188
Turvolândia,850-1100m,862,0.696,4658
Poço Fundo,850-1100m,859,0.691,15959
Vargem Grande do Rio Pardo,850-1100m,859,0.634,4733
Lagoa Formosa,850-1100m,858,0.703,17161
Aguanil,850-1100m,857,0.6629999999999999,4054
Piedade de Caratinga,850-1100m,856,0.612,7110
Uberlândia,850-1100m,856,0.789,604013
Congonhal,850-1100m,855,0.7120000000000001,10468
Alpinópolis,850-1100m,855,0.725,18488
Mata Verde,850-1100m,855,0.581,7874
Carmópolis de Minas,850-1100m,854,0.7,17048
Itajubá,850-1100m,853,0.787,90658
Rio Manso,850-1100m,851,0.648,5276
Carvalhópolis,850-1100m,851,0.7240000000000001,3341
Cruzeiro da Fortaleza,600-850m,850,0.696,3934
São Sebastião da Bela Vista,600-850m,848,0.6920000000000001,4948
Oliveira Fortes,600-850m,848,0.635,2123
Córrego Fundo,600-850m,847,0.6779999999999999,5790
Jacutinga,600-850m,846,0.715,22772
São João da Lagoa,600-850m,845,0.634,4656
Pouso Alegre,600-850m,845,0.774,130615
Campo Belo,600-850m,845,0.711,51544
Itaúna,600-850m,844,0.758,85463
Formoso,600-850m,844,0.64,8177
Japonvar,600-850m,843,0.608,8298
São José do Alegre,600-850m,843,0.7170000000000001,3996
Aricanduva,600-850m,842,0.5820000000000001,4770
Cláudio,600-850m,841,0.7090000000000001,25771
Peçanha,600-850m,841,0.627,17260
Caraí,600-850m,839,0.5579999999999999,22343
Machado,600-850m,839,0.715,38688
Belo Vale,600-850m,838,0.655,7536
São João do Manhuaçu,600-850m,837,0.65,10245
Nova Lima,600-850m,837,0.813,80998
Coqueiral,600-850m,836,0.6940000000000001,9289
Alterosa,600-850m,835,0.6679999999999999,13717
Ijaci,600-850m,834,0.7140000000000001,5859
Cordislândia,600-850m,834,0.66,3435
Paraguaçu,600-850m,832,0.715,20245
Padre Paraíso,600-850m,832,0.596,18849
Formiga,600-850m,829,0.755,65128
São Gonçalo do Rio Preto,600-850m,828,0.64,3056
Santa Rita do Sapucaí,600-850m,828,0.721,37754
Patos de Minas,600-850m,828,0.765,138710
Ribeirão das Neves,600-850m,827,0.684,296317
Bias Fortes,600-850m,826,0.62,3793
Pedro Teixeira,600-850m,825,0.637,1785
Santana da Vargem,600-850m,822,0.698,7231
São João do Paraíso,600-850m,820,0.615,22319
Claraval,600-850m,820,0.698,4542
Betim,600-850m,820,0.7490000000000001,378089
Nova Ponte,600-850m,819,0.701,12812
Desterro do Melo,600-850m,819,0.631,3015
Pimenta,600-850m,817,0.6859999999999999,8236
Novo Cruzeiro,600-850m,817,0.5710000000000001,30725
Santo Antônio do Retiro,600-850m,816,0.57,6955
Ewbank da Câmara,600-850m,815,0.6759999999999999,3753
Senhora dos Remédios,600-850m,815,0.626,10196
São Roque de Minas,600-850m,814,0.672,6686
Capim Branco,600-850m,812,0.695,8881
Carmo do Rio Claro,600-850m,812,0.733,20426
Taiobeiras,600-850m,812,0.67,30917
Areado,600-850m,811,0.727,13731
Careaçu,600-850m,811,0.6829999999999999,6298
Caiana,600-850m,810,0.633,4968
Cana Verde,600-850m,810,0.65,5589
Perdões,600-850m,809,0.7440000000000001,20087
Santana do Jacaré,600-850m,806,0.647,4607
Pará de Minas,600-850m,806,0.725,84215
Santa Efigênia de Minas,600-850m,805,0.607,4600
Igarapé,600-850m,805,0.698,34851
Orizânia,600-850m,805,0.562,7284
Sabará,600-850m,804,0.731,126269
Carmo da Mata,600-850m,804,0.6890000000000001,10927
Estrela do Sul,600-850m,804,0.696,7446
Piracema,600-850m,803,0.6459999999999999,6406
Mirabela,600-850m,802,0.665,13042
Maravilhas,600-850m,802,0.672,7163
Santa Bárbara do Leste,600-850m,802,0.613,7682
Caranaíba,600-850m,802,0.634,3288
Piumhi,600-850m,801,0.737,31883
Catas Altas da Noruega,600-850m,801,0.6,3462
Monte Santo de Minas,600-850m,801,0.71,21234
Serro,600-850m,801,0.6559999999999999,20835
Divinésia,600-850m,798,0.657,3293
Florestal,600-850m,797,0.7240000000000001,6600
Lagamar,600-850m,797,0.718,7600
Mateus Leme,600-850m,796,0.7040000000000001,27856
Indianópolis,600-850m,796,0.674,6190
Capetinga,600-850m,795,0.675,7089
Capela Nova,600-850m,794,0.648,4755
Guanhães,600-850m,793,0.6859999999999999,31262
Pequi,600-850m,793,0.674,4076
Ibiracatu,600-850m,793,0.591,6155
São Sebastião do Oeste,600-850m,792,0.626,5805
São Gonçalo do Abaeté,600-850m,792,0.67,6264
Virginópolis,600-850m,792,0.675,10572
Guapé,600-850m,791,0.679,13872
Inhaúma,600-850m,790,0.7020000000000001,5760
Araújos,600-850m,789,0.698,7883
Fama,600-850m,789,0.7170000000000001,2350
Rio Pardo de Minas,600-850m,789,0.624,29099
Fruta de Leite,600-850m,788,0.544,5940
Belo Horizonte,600-850m,786,0.81,2375151
Confins,600-850m,786,0.747,5936
Itabira,600-850m,786,0.7559999999999999,109783
Ribeirão Vermelho,600-850m,783,0.737,3826
Gonzaga,600-850m,783,0.606,5921
Igaratinga,600-850m,783,0.6509999999999999,9264
Olhos-d'Água,600-850m,782,0.626,5267
Boa Esperança,600-850m,781,0.7040000000000001,38516
Capitólio,600-850m,781,0.71,8183
Ervália,600-850m,780,0.625,17946
Sarzedo,600-850m,778,0.7340000000000001,25814
Santo Antônio do Itambé,600-850m,778,0.5579999999999999,4135
Patis,600-850m,777,0.614,5579
Campo do Meio,600-850m,776,0.6829999999999999,11476
Perdigão,600-850m,776,0.703,8912
São Sebastião do Anta,600-850m,775,0.607,5739
Onça de Pitangui,600-850m,775,0.6629999999999999,3055
Sete Lagoas,600-850m,774,0.76,214152
Guaraciama,600-850m,774,0.677,4718
Rio Acima,600-850m,773,0.6729999999999999,9090
Uberaba,600-850m,773,0.772,295988
São Joaquim de Bicas,600-850m,773,0.662,25537
Santa Margarida,600-850m,773,0.61,15011
Coração de Jesus,600-850m,772,0.642,26033
João Pinheiro,600-850m,772,0.6970000000000001,45260
Vargem Bonita,600-850m,772,0.696,2163
Barão de Cocais,600-850m,771,0.722,28442
Paula Cândido,600-850m,771,0.637,9271
Espera Feliz,600-850m,770,0.6629999999999999,22856
Lamim,600-850m,769,0.655,3452
Lontra,600-850m,767,0.6459999999999999,8397
Lagoa Santa,600-850m,766,0.777,52520
Divinolândia de Minas,600-850m,765,0.623,7024
Guaranésia,600-850m,765,0.701,18714
João Monlevade,600-850m,765,0.758,73610
Senhora de Oliveira,600-850m,764,0.631,5683
São José da Lapa,600-850m,764,0.7290000000000001,19799
Felício dos Santos,600-850m,763,0.606,5142
Cachoeira da Prata,600-850m,763,0.741,3654
Matozinhos,600-850m,763,0.731,33955
Itaverava,600-850m,763,0.627,5799
São Sebastião da Vargem Alegre,600-850m,762,0.66,2798
Arcos,600-850m,762,0.7490000000000001,36597
Sericita,600-850m,761,0.56,7128
Alto Rio Doce,600-850m,760,0.62,12159
Veredinha,600-850m,760,0.632,5549
Materlândia,600-850m,760,0.597,4595
Passa-Vinte,600-850m,759,0.648,2079
Lima Duarte,600-850m,759,0.71,16149
Carmo do Cajuru,600-850m,758,0.71,20012
Brumadinho,600-850m,758,0.747,33973
Santa Cruz de Salinas,600-850m,756,0.5770000000000001,4397
Itambé do Mato Dentro,600-850m,755,0.634,2283
Serra da Saudade,600-850m,755,0.677,815
São José da Varginha,600-850m,755,0.7040000000000001,4198
Cássia,600-850m,754,0.7040000000000001,17412
Vespasiano,600-850m,754,0.688,104527
Esmeraldas,600-850m,753,0.6709999999999999,60271
Durandé,600-850m,753,0.645,7423
Catas Altas,600-850m,752,0.684,4846
Coimbra,600-850m,751,0.669,7054
Santana dos Montes,600-850m,751,0.647,3822
Rio Espera,600-850m,751,0.602,6070
Prudente de Morais,600-850m,751,0.69,9573
Canaã,600-850m,749,0.649,4628
Dores do Turvo,600-850m,748,0.629,4462
Varzelândia,600-850m,747,0.594,19116
Bom Despacho,600-850m,747,0.75,45624
Paulistas,600-850m,746,0.625,4918
Santa Bárbara do Monte Verde,600-850m,746,0.606,2788
Mário Campos,600-850m,746,0.6990000000000001,13192
Águas Vermelhas,600-850m,746,0.601,12722
Senador Modestino Gonçalves,600-850m,746,0.62,4574
Sabinópolis,600-850m,745,0.638,15704
Arceburgo,600-850m,744,0.6829999999999999,9509
Raposos,600-850m,744,0.73,15342
Vieiras,600-850m,743,0.6679999999999999,3731
Paraopeba,600-850m,743,0.6940000000000001,22563
Jaboticatubas,600-850m,743,0.6809999999999999,17134
Padre Carvalho,600-850m,742,0.599,5834
Cachoeira de Pajeú,600-850m,741,0.578,8959
Couto de Magalhães de Minas,600-850m,741,0.659,4204
Passos,600-850m,740,0.7559999999999999,106290
Martins Soares,600-850m,739,0.635,7173
Santa Bárbara,600-850m,739,0.7070000000000001,27876
São Gonçalo do Pará,600-850m,738,0.6890000000000001,10398
Abadia dos Dourados,600-850m,736,0.6890000000000001,6704
Luislândia,600-850m,736,0.614,6400
Taquaraçu de Minas,600-850m,736,0.6509999999999999,3794
Rio Vermelho,600-850m,736,0.5579999999999999,13645
Araçaí,600-850m,735,0.695,2243
São Domingos das Dores,600-850m,734,0.638,5408
Pedro Leopoldo,600-850m,734,0.757,58740
Itaú de Minas,600-850m,734,0.7759999999999999,14945
Mariana,600-850m,733,0.742,54219
Senador Firmino,600-850m,732,0.644,7230
Caetanópolis,600-850m,731,0.706,10218
Rosário da Limeira,600-850m,731,0.662,4247
São João Evangelista,600-850m,730,0.638,15553
Monte Alegre de Minas,600-850m,730,0.674,19619
Setubinha,600-850m,730,0.542,10885
Santana do Riacho,600-850m,729,0.665,4023
Juatuba,600-850m,728,0.7170000000000001,22202
Fortuna de Minas,600-850m,727,0.696,2705
Nova Serrana,600-850m,726,0.715,73699
Joaquim Felício,600-850m,724,0.637,4305
Santa Luzia,600-850m,724,0.715,202942
Carbonita,600-850m,724,0.638,9148
Conceição do Mato Dentro,600-850m,724,0.634,17908
São Francisco do Glória,600-850m,724,0.6629999999999999,5178
Brasília de Minas,600-850m,723,0.6559999999999999,31213
Juiz de Fora,600-850m,723,0.778,516247
Pompéu,600-850m,722,0.6890000000000001,29105
Douradoquara,600-850m,720,0.706,1841
Fervedouro,600-850m,717,0.58,10349
Leandro Ferreira,600-850m,717,0.71,3205
Papagaios,600-850m,716,0.6659999999999999,14175
Divinópolis,600-850m,715,0.764,213016
São José da Barra,600-850m,714,0.7390000000000001,6778
Pratápolis,600-850m,710,0.7290000000000001,8807
Serra Azul de Minas,600-850m,710,0.557,4220
Japaraíba,600-850m,709,0.721,3939
São Miguel do Anta,600-850m,708,0.644,6760
Dores do Indaiá,600-850m,708,0.7190000000000001,13778
Alto Jequitibá,600-850m,706,0.66,8318
Cascalho Rico,600-850m,705,0.721,2857
Reduto,600-850m,705,0.629,6569
Berizal,600-850m,704,0.604,4370
Lagoa dos Patos,600-850m,704,0.634,4225
São João da Ponte,600-850m,703,0.569,25358
Estrela do Indaiá,600-850m,703,0.6759999999999999,3516
Coluna,600-850m,702,0.583,9024
Sardoá,600-850m,701,0.636,5594
Paracatu,600-850m,700,0.7440000000000001,84718
Teixeiras,600-850m,699,0.675,11355
Bocaiúva,600-850m,698,0.7,46654
Cipotânea,600-850m,698,0.579,6547
Cajuri,600-850m,697,0.617,4047
Viçosa,600-850m,696,0.775,72220
Pains,600-850m,695,0.728,8014
Funilândia,600-850m,695,0.655,3855
Doresópolis,600-850m,695,0.6920000000000001,1440
São João Batista do Glória,600-850m,695,0.7240000000000001,6887
Bom Jesus do Amparo,600-850m,693,0.6829999999999999,5491
Frei Lagonegro,600-850m,693,0.5429999999999999,3329
Bambuí,600-850m,693,0.741,22734
Cordisburgo,600-850m,691,0.6559999999999999,8667
Alvorada de Minas,600-850m,691,0.5720000000000001,3546
Pedra do Anta,600-850m,691,0.624,3365
Monte Formoso,600-850m,690,0.541,4656
Itaipé,600-850m,689,0.552,11798
Serranópolis de Minas,600-850m,688,0.633,4425
Quartel Geral,600-850m,688,0.6829999999999999,3303
Brás Pires,600-850m,688,0.625,4637
Pitangui,600-850m,687,0.725,25311
Juramento,600-850m,687,0.669,4113
Santa Rita de Minas,600-850m,687,0.613,6547
Bela Vista de Minas,600-850m,685,0.674,10004
Delfinópolis,600-850m,684,0.74,6830
Diogo de Vasconcelos,600-850m,684,0.601,3848
Turmalina,600-850m,683,0.682,18055
Rio Piracicaba,600-850m,677,0.685,14149
Divino,600-850m,676,0.605,19133
Córrego Danta,600-850m,675,0.6920000000000001,3391
Conceição do Pará,600-850m,674,0.7,5158
Tapiraí,600-850m,674,0.667,1873
Montes Claros,600-850m,673,0.77,361915
Conquista,600-850m,672,0.7290000000000001,6526
Veríssimo,600-850m,671,0.667,3483
Nova Era,600-850m,670,0.7090000000000001,17528
Grupiara,600-850m,670,0.731,1373
Francisco Sá,600-850m,668,0.654,24912
Senador Cortes,600-850m,667,0.674,1988
Iguatama,600-850m,666,0.7070000000000001,8029
Carmésia,600-850m,666,0.65,2446
São Gonçalo do Rio Abaixo,600-850m,665,0.667,9777
Catuji,600-850m,665,0.54,6708
Martinho Campos,600-850m,665,0.669,12611
Corinto,600-850m,663,0.68,23914
Matipó,600-850m,661,0.631,17639
Senhora do Porto,600-850m,660,0.565,3497
Lagoa da Prata,600-850m,659,0.732,45984
Moema,600-850m,657,0.721,7028
Vazante,600-850m,657,0.742,19723
Baldim,600-850m,657,0.6709999999999999,7913
Josenópolis,600-850m,657,0.564,4566
Bonfinópolis de Minas,600-850m,656,0.6779999999999999,5865
Engenheiro Navarro,600-850m,656,0.655,7122
Paineiras,600-850m,655,0.669,4631
Santa Bárbara do Tugúrio,600-850m,654,0.637,4570
Malacacheta,600-850m,654,0.618,18776
Passabém,600-850m,653,0.642,1766
Cristália,600-850m,652,0.583,5760
Pedra Dourada,600-850m,651,0.655,2191
Manhuaçu,600-850m,651,0.6890000000000001,79574
Francisco Dumont,600-850m,651,0.625,4863
Cônego Marinho,600-850m,650,0.621,7101
Leme do Prado,600-850m,650,0.67,4804
São João do Pacuí,600-850m,649,0.625,4060
Mamonas,600-850m,649,0.618,6321
Luz,600-850m,649,0.7240000000000001,17486
Cantagalo,600-850m,647,0.631,4195
Santana do Paraíso,600-850m,647,0.685,27265
Curvelo,600-850m,645,0.713,74219
Glaucilândia,600-850m,644,0.679,2962
Manhumirim,600-850m,641,0.6970000000000001,21382
Claro dos Poções,600-850m,641,0.67,7775
Caratinga,600-850m,640,0.706,85239
São Domingos do Prata,600-850m,640,0.69,17357
Simonésia,600-850m,638,0.632,18298
Pedra Azul,600-850m,637,0.627,23839
Paiva,600-850m,636,0.72,1558
Miravânia,600-850m,636,0.593,4549
Piranga,600-850m,636,0.6,17232
Campo Florido,600-850m,635,0.706,6870
Morro do Pilar,600-850m,632,0.597,3399
Canápolis,600-850m,631,0.722,11365
Bicas,600-850m,630,0.7440000000000001,13653
Pequeri,600-850m,628,0.6940000000000001,3165
Abaeté,600-850m,627,0.698,22690
Felisburgo,600-850m,627,0.583,6877
Alvinópolis,600-850m,624,0.6759999999999999,15261
Jequitibá,600-850m,622,0.6890000000000001,5156
Monjolos,600-850m,622,0.65,2360
Comercinho,600-850m,622,0.593,8298
Biquinhas,600-850m,621,0.688,2630
Vermelho Novo,600-850m,621,0.612,4689
Prata,600-850m,620,0.695,25802
Presidente Bernardes,600-850m,617,0.632,5537
Caputira,600-850m,616,0.615,9030
Guaraciaba,600-850m,615,0.623,10223
Morro da Garça,600-850m,611,0.648,2660
Buenópolis,600-850m,609,0.669,10292
Guarda-Mor,600-850m,605,0.69,6565
Imbé de Minas,600-850m,605,0.5529999999999999,6424
Dom Bosco,600-850m,603,0.6729999999999999,3814
Santana de Pirapama,600-850m,602,0.628,8009
Porto Firme,600-850m,601,0.634,10417
Inimutaba,300-600m,599,0.664,6724
Campo Azul,300-600m,598,0.621,3684
Medina,300-600m,598,0.624,21026
Bonito de Minas,300-600m,597,0.537,9673
Amparo do Serra,300-600m,595,0.6409999999999999,5053
Ubaí,300-600m,595,0.609,11681
Dores de Guanhães,300-600m,594,0.636,5223
Santana do Manhuaçu,300-600m,593,0.621,8582
Santa Maria de Itabira,300-600m,593,0.648,10552
Marliéria,300-600m,592,0.657,4012
Felixlândia,300-600m,591,0.648,14121
Maripá de Minas,300-600m,590,0.68,2788
Palmópolis,300-600m,590,0.565,6931
Santo Antônio do Aventureiro,300-600m,589,0.6709999999999999,3538
São José do Jacuri,300-600m,587,0.5660000000000001,6553
Abre Campo,300-600m,586,0.654,13311
Aracitaba,300-600m,586,0.6609999999999999,2058
Monte Azul,300-600m,584,0.659,21994
Capitão Enéas,300-600m,584,0.639,14206
Morada Nova de Minas,300-600m,584,0.696,8255
Lagoa Grande,300-600m,581,0.679,8631
Açucena,300-600m,581,0.61,10276
Santa Rita de Jacutinga,300-600m,581,0.682,4993
Dom Joaquim,300-600m,579,0.622,4535
Presidente Juscelino,300-600m,578,0.614,3908
Ferros,300-600m,577,0.603,10837
São Félix de Minas,300-600m,574,0.62,3382
Natalândia,300-600m,574,0.6709999999999999,3280
Unaí,300-600m,571,0.736,77565
Espinosa,300-600m,566,0.627,31113
Porteirinha,300-600m,564,0.6509999999999999,37627
Comendador Gomes,300-600m,563,0.6970000000000001,2972
Lassance,300-600m,561,0.629,6484
Icaraí de Minas,300-600m,559,0.624,10746
São Sebastião do Rio Preto,300-600m,559,0.632,1613
Guarará,300-600m,557,0.652,3929
São Pedro do Suaçuí,300-600m,553,0.622,5570
Riachinho,300-600m,552,0.632,8007
Uruana de Minas,300-600m,549,0.664,3235
Ituiutaba,300-600m,549,0.7390000000000001,97171
Oratórios,300-600m,547,0.637,4493
Três Marias,300-600m,545,0.752,28318
Buritis,300-600m,545,0.672,22737
Campina Verde,300-600m,544,0.7040000000000001,19324
Capinópolis,300-600m,542,0.723,15290
Mercês,300-600m,542,0.664,10368
São Sebastião do Maranhão,300-600m,542,0.581,10647
Augusto de Lima,300-600m,541,0.6559999999999999,4960
José Gonçalves de Minas,300-600m,541,0.632,4553
Mato Verde,300-600m,541,0.662,12684
Bugre,300-600m,541,0.627,3992
Pirajuba,300-600m,540,0.723,4656
Janaúba,300-600m,536,0.696,66803
Santo Antônio do Rio Abaixo,300-600m,536,0.669,1777
Nova Porteirinha,300-600m,535,0.6409999999999999,7398
Lajinha,300-600m,533,0.6609999999999999,19609
Santo Antônio do Jacinto,300-600m,532,0.574,11775
Brasilândia de Minas,300-600m,531,0.674,14226
Várzea da Palma,300-600m,530,0.6659999999999999,35809
Gurinhatã,300-600m,528,0.68,6137
Delta,300-600m,527,0.639,8089
Santo Hipólito,300-600m,525,0.657,3238
Ubaporanga,300-600m,522,0.614,12040
Dom Silvério,300-600m,521,0.7090000000000001,5196
Mar de Espanha,300-600m,520,0.684,11749
Silveirânia,300-600m,519,0.652,2192
Gameleiras,300-600m,519,0.65,5139
Água Comprida,300-600m,519,0.675,2025
Buritizeiro,300-600m,518,0.624,26922
Centralina,300-600m,517,0.6779999999999999,10266
Santa Fé de Minas,300-600m,516,0.615,3968
Montalvânia,300-600m,514,0.613,15862
Bom Jesus do Galho,300-600m,513,0.623,15364
Catuti,300-600m,513,0.621,5102
Poté,300-600m,510,0.624,15667
Belmiro Braga,300-600m,510,0.66,3403
Minas Novas,300-600m,509,0.633,30794
Chapada do Norte,300-600m,508,0.598,15189
União de Minas,300-600m,508,0.672,4418
Pai Pedro,300-600m,505,0.59,5934
Inhapim,300-600m,504,0.6579999999999999,24294
Coroaci,300-600m,504,0.626,10270
Matias Barbosa,300-600m,503,0.72,13435
Jequitaí,300-600m,503,0.643,8005
Arinos,300-600m,503,0.6559999999999999,17674
Jaguaraçu,300-600m,503,0.679,2990
Conceição das Alagoas,300-600m,501,0.7120000000000001,23043
José Raydan,300-600m,500,0.617,4376
Frutal,300-600m,500,0.73,53468
Sem-Peixe,300-600m,498,0.654,2847
Braúnas,300-600m,497,0.624,5030
Pirapora,300-600m,496,0.731,53368
São João das Missões,300-600m,495,0.529,11715
Simão Pereira,300-600m,494,0.638,2537
Rio Doce,300-600m,494,0.664,2465
Itapagipe,300-600m,493,0.723,13656
Pintópolis,300-600m,492,0.594,7211
Coronel Pacheco,300-600m,491,0.669,2983
Entre Folhas,300-600m,491,0.634,5175
Santa Maria do Suaçuí,300-600m,487,0.64,14395
Santa Vitória,300-600m,486,0.71,18138
São Romão,300-600m,485,0.64,10276
Planura,300-600m,483,0.7120000000000001,10384
Salinas,300-600m,483,0.679,39178
Verdelândia,300-600m,482,0.584,8346
Frei Gaspar,300-600m,481,0.59,5879
Piau,300-600m,481,0.629,2841
Urucuia,300-600m,480,0.619,13604
Jaíba,300-600m,479,0.638,33587
Pedras de Maria da Cruz,300-600m,479,0.614,10315
Ibiaí,300-600m,476,0.614,7839
Urucânia,300-600m,475,0.633,10291
Faria Lemos,300-600m,475,0.687,3376
Barra Longa,300-600m,474,0.624,6143
Ponto Chique,300-600m,473,0.606,3966
Tabuleiro,300-600m,473,0.6809999999999999,4079
Cachoeira Dourada,300-600m,471,0.726,2505
Fronteira,300-600m,468,0.684,14041
Ladainha,300-600m,467,0.541,16994
Araporã,300-600m,467,0.708,6144
São Francisco,300-600m,463,0.638,53828
Manga,300-600m,460,0.642,19813
Januária,300-600m,459,0.6579999999999999,65463
São Geraldo da Piedade,300-600m,456,0.6,4389
Itacarambi,300-600m,454,0.6409999999999999,17720
Virgolândia,300-600m,450,0.62,5658
Acaiaca,300-600m,450,0.63,3920
Água Boa,300-600m,449,0.5760000000000001,15195
Juvenília,300-600m,449,0.5920000000000001,5708
Piedade de Ponte Nova,300-600m,448,0.639,4062
Matias Cardoso,300-600m,447,0.616,9979
Santo Antônio do Grama,300-600m,444,0.633,4085
Ponte Nova,300-600m,444,0.7170000000000001,57390
Ipiaçu,300-600m,443,0.696,4107
Iturama,300-600m,442,0.747,34456
Jequeri,300-600m,441,0.601,12848
Santa Cruz do Escalvado,300-600m,438,0.625,4992
Iapu,300-600m,436,0.654,10315
Rio Pomba,300-600m,434,0.7140000000000001,17110
Virgem da Lapa,300-600m,429,0.61,13619
Antônio Dias,300-600m,427,0.645,9565
Rio Preto,300-600m,426,0.679,5292
Ouro Verde de Minas,300-600m,426,0.595,6016
Chalé,300-600m,425,0.655,5645
Chiador,300-600m,425,0.711,2785
Francisco Badaró,300-600m,424,0.622,10248
Carangola,300-600m,423,0.695,32296
Berilo,300-600m,420,0.628,12300
Nova Belém,300-600m,418,0.5920000000000001,3732
Limeira do Oeste,300-600m,417,0.71,6890
Rio Novo,300-600m,415,0.7070000000000001,8712
Carneirinho,300-600m,414,0.741,9471
Guarani,300-600m,413,0.677,8678
Goianá,300-600m,411,0.716,3659
Santana do Deserto,300-600m,409,0.6509999999999999,3860
Ponto dos Volantes,300-600m,408,0.595,11345
Jenipapo de Minas,300-600m,407,0.624,7116
Rubelita,300-600m,406,0.5820000000000001,7772
São Francisco de Sales,300-600m,401,0.688,5776
Rio Casca,300-600m,400,0.65,14201
São Pedro dos Ferros,300-600m,400,0.659,8356
Franciscópolis,300-600m,398,0.603,5800
Miradouro,300-600m,396,0.6629999999999999,10251
São Geraldo,300-600m,391,0.6509999999999999,10263
Joanésia,300-600m,387,0.626,5425
Alvarenga,300-600m,387,0.5920000000000001,4444
Rodeiro,300-600m,384,0.6679999999999999,6867
Campanário,300-600m,382,0.616,3564
Pescador,300-600m,382,0.6559999999999999,4128
Tocantins,300-600m,380,0.688,15823
Mesquita,300-600m,375,0.6559999999999999,6069
São José do Mantimento,300-600m,375,0.657,2592
São João Nepomuceno,300-600m,375,0.708,25057
Visconde do Rio Branco,300-600m,373,0.7090000000000001,37942
Piraúba,300-600m,373,0.684,10862
Rio do Prado,300-600m,370,0.605,5217
Descoberto,300-600m,366,0.68,4768
Rochedo de Minas,300-600m,361,0.684,2116
Dionísio,300-600m,361,0.7020000000000001,8739
Nacip Raydan,300-600m,360,0.585,3154
Timóteo,300-600m,359,0.77,81243
Córrego Novo,300-600m,358,0.632,3127
Ubá,300-600m,358,0.7240000000000001,101519
São José do Divino,300-600m,355,0.6579999999999999,3834
Santa Rita do Itueto,300-600m,353,0.607,5697
Dom Cavati,300-600m,350,0.688,5209
Antônio Prado de Minas,300-600m,346,0.684,1671
Guiricema,300-600m,346,0.674,8707
Nova Módica,300-600m,340,0.63,3790
Itanhomi,300-600m,339,0.65,11856
Fronteira dos Vales,300-600m,338,0.5920000000000001,4687
Mendes Pimentel,300-600m,338,0.626,6331
Teófilo Otoni,300-600m,338,0.701,134745
Tarumirim,300-600m,334,0.633,14293
São José do Goiabal,300-600m,329,0.6659999999999999,5636
Vargem Alegre,300-600m,328,0.631,6461
Miraí,300-600m,326,0.68,13808
Astolfo Dutra,300-600m,319,0.6940000000000001,13049
Santa Helena de Minas,300-600m,317,0.5670000000000001,6055
Fernandes Tourinho,300-600m,317,0.6459999999999999,3030
Raul Soares,300-600m,314,0.655,23818
Guidoval,300-600m,311,0.6829999999999999,7206
Itambacuri,300-600m,310,0.634,22809
Umburatiba,300-600m,307,0.638,2705
Machacalis,300-600m,302,0.64,6976
Coronel Murta,0-300m,297,0.627,9117
Sobrália,0-300m,296,0.631,5830
Tombos,0-300m,291,0.718,9537
Divino das Laranjeiras,0-300m,290,0.6609999999999999,4937
Araçuaí,0-300m,290,0.6629999999999999,36013
São José da Safira,0-300m,288,0.583,4075
Mutum,0-300m,288,0.644,26661
Mathias Lobato,0-300m,283,0.612,3370
Conceição de Ipanema,0-300m,280,0.6759999999999999,4456
Joaíma,0-300m,278,0.5870000000000001,14941
Santana de Cataguases,0-300m,274,0.6940000000000001,3622
Novo Oriente de Minas,0-300m,273,0.555,10339
Central de Minas,0-300m,272,0.665,6772
Argirita,0-300m,272,0.643,2901
Rubim,0-300m,272,0.609,9919
Marilac,0-300m,271,0.615,4219
Bandeira,0-300m,270,0.599,4987
Pingo-d'Água,0-300m,269,0.619,4420
Águas Formosas,0-300m,268,0.645,18479
Itaobim,0-300m,267,0.629,21001
Coronel Fabriciano,0-300m,265,0.755,103694
Bertópolis,0-300m,265,0.594,4498
Belo Oriente,0-300m,263,0.6859999999999999,23397
Engenheiro Caldas,0-300m,258,0.644,10280
Itinga,0-300m,256,0.6,14407
Dona Eusébia,0-300m,256,0.701,6001
Ataléia,0-300m,255,0.588,14455
Ipaba,0-300m,254,0.665,16708
São João do Manteninha,0-300m,252,0.64,5188
Leopoldina,0-300m,250,0.726,51130
Pavão,0-300m,249,0.627,8589
São Geraldo do Baixio,0-300m,249,0.63,3486
Mantena,0-300m,249,0.675,27111
Ipanema,0-300m,249,0.693,18170
Volta Grande,0-300m,247,0.669,5070
Crisólita,0-300m,246,0.585,6047
Itamarati de Minas,0-300m,244,0.688,4079
Cuparaque,0-300m,243,0.627,4680
Pocrane,0-300m,239,0.626,8986
Alpercata,0-300m,239,0.6459999999999999,7172
Jampruca,0-300m,237,0.609,5067
Ipatinga,0-300m,237,0.7709999999999999,239468
Taparuba,0-300m,233,0.645,3137
Muriaé,0-300m,232,0.7340000000000001,100765
Capitão Andrade,0-300m,232,0.624,4925
Jequitinhonha,0-300m,229,0.615,24131
São João do Oriente,0-300m,227,0.648,7874
Eugenópolis,0-300m,216,0.675,10540
Frei Inocêncio,0-300m,212,0.648,8920
Santa Maria do Salto,0-300m,211,0.613,5284
Naque,0-300m,208,0.675,6341
Barão de Monte Alto,0-300m,207,0.649,5720
Goiabeira,0-300m,206,0.647,3053
Patrocínio do Muriaé,0-300m,203,0.682,5287
Estrela Dalva,0-300m,202,0.71,2470
Periquito,0-300m,201,0.6509999999999999,7036
Cataguases,0-300m,200,0.7509999999999999,69757
Serra dos Aimorés,0-300m,199,0.6509999999999999,8412
Jordânia,0-300m,198,0.628,10324
Recreio,0-300m,196,0.6920000000000001,10299
Pirapetinga,0-300m,191,0.7090000000000001,10364
Laranjal,0-300m,191,0.7140000000000001,6465
Almenara,0-300m,190,0.642,38775
Resplendor,0-300m,184,0.67,17089
Carlos Chagas,0-300m,180,0.648,20069
Palma,0-300m,179,0.703,6545
Jacinto,0-300m,176,0.62,12134
Além Paraíba,0-300m,176,0.726,34349
Governador Valadares,0-300m,173,0.727,263689
Conselheiro Pena,0-300m,144,0.662,22242
Tumiritinga,0-300m,140,0.626,6293
Salto da Divisa,0-300m,134,0.608,6859
Itueta,0-300m,132,0.635,5830
Galiléia,0-300m,125,0.654,6951
Nanuque,0-300m,116,0.701,40834
Aimorés,0-300m,84,0.684,24959
